1330974,0.0007980845969672786
1920x1080,0.0007980845969672786
4000k,0.0015961691939345571
15293,0.0007980845969672786
mp4,0.05107741420590583
01,0.04868316041500399
06,0.10135674381484437
2019,0.025538707102952914
ifeelmyself,0.023942537909018357
fairyland,0.0015961691939345571
1,0.02713487629688747
by,0.03112529928172386
ana,0.00558659217877095
b,0.024740622505985636
02,0.041500399042298484
take,0.0023942537909018356
control,0.0023942537909018356
selina,0.0015961691939345571
c,0.0023942537909018356
03,0.05506783719074222
5th,0.0015961691939345571
date,0.0031923383878691143
vanessa,0.0023942537909018356
t,0.0039904229848363925
04,0.0335195530726257
consensualities,0.0015961691939345571
2,0.05826017557861133
jesse,0.0015961691939345571
g,0.0023942537909018356
05,0.04549082202713488
grace,0.004788507581803671
up,0.007182761372705506
close,0.0039904229848363925
d,0.01675977653631285
mew,0.0015961691939345571
video,0.06863527533918595
diary,0.0031923383878691143
3,0.0223463687150838
07,0.053471667996807665
double,0.0007980845969672786
tap,0.0007980845969672786
natascha,0.0007980845969672786
08,0.0710295291300878
09,0.023942537909018357
heiress,0.0015961691939345571
jade,0.0039904229848363925
10,0.05426975259377494
coachella,0.0007980845969672786
kali,0.0007980845969672786
m,0.0023942537909018356
11,0.05187549880287311
interview,0.0007980845969672786
maya,0.007980845969672785
j,0.0023942537909018356
12,0.05826017557861133
roaming,0.0007980845969672786
gaze,0.0007980845969672786
minka,0.0007980845969672786
13,0.04229848363926576
catherine,0.0023942537909018356
8,0.007182761372705506
14,0.03671189146049481
15,0.04309656823623304
hot,0.009577015163607342
to,0.01675977653631285
trot,0.0015961691939345571
alice,0.0015961691939345571
r,0.0023942537909018356
16,0.047086991221069435
synesthesia,0.0015961691939345571
molly,0.0023942537909018356
f,0.0015961691939345571
17,0.053471667996807665
18,0.07182761372705507
smolder,0.0007980845969672786
samara,0.0007980845969672786
l,0.0015961691939345571
19,0.23304070231444532
20,0.024740622505985636
ruvada,0.0015961691939345571
6,0.053471667996807665
21,0.013567438148443736
22,0.0223463687150838
23,0.014365522745411013
stealing,0.0007980845969672786
beauty,0.0015961691939345571
amber,0.009577015163607342
leigh,0.011971268954509178
24,0.018355945730247406
contrapposta,0.0007980845969672786
joyy,0.0007980845969672786
25,0.0223463687150838
26,0.01596169193934557
good,0.0039904229848363925
taste,0.0007980845969672786
kash,0.0007980845969672786
27,0.018355945730247406
ellie,0.0015961691939345571
7,0.04948124501197127
k,0.0015961691939345571
28,0.020750199521149242
29,0.0111731843575419
sweet,0.012769353551476457
solitude,0.0007980845969672786
viva,0.0007980845969672786
30,0.01675977653631285
alumna,0.0007980845969672786
dandy,0.0007980845969672786
34006,0.0007980845969672786
480p,0.010375099760574621
600k,0.00558659217877095
148917572,0.0007980845969672786
48778,0.0007980845969672786
58768,0.0007980845969672786
64146,0.0007980845969672786
abby,0.0015961691939345571
winters,0.0015961691939345571
liza,0.0015961691939345571
and,0.13248204309656825
tatyana,0.0015961691939345571
intimate,0.0015961691939345571
moments,0.0015961691939345571
xxx,0.5083798882681564
1080p,0.2657621707901037
alyssa,0.0007980845969672786
hart,0.0023942537909018356
lets,0.0015961691939345571
her,0.0223463687150838
stepdaddy,0.0007980845969672786
cum,0.01596169193934557
inside,0.0015961691939345571
bing,0.0670391061452514
amai,0.020750199521149242
liu,0.020750199521149242
part2,0.05826017557861133
pack,0.1779728651237031
u4a,0.1300877893056664
31,0.01596169193934557
32,0.0039904229848363925
33,0.0039904229848363925
34,0.0039904229848363925
35,0.0039904229848363925
36,0.0039904229848363925
37,0.0039904229848363925
38,0.0039904229848363925
39,0.0039904229848363925
4,0.011971268954509178
40,0.0039904229848363925
41,0.0039904229848363925
42,0.0039904229848363925
5,0.008778930566640064
9,0.007980845969672785
all,0.008778930566640064
aboard,0.0015961691939345571
the,0.04549082202713488
gangbang,0.0023942537909018356
train,0.0007980845969672786
scene4,0.007980845969672785
about,0.0031923383878691143
scene2,0.014365522745411013
scene3,0.006384676775738229
out,0.015163607342378291
anal,0.03192338387869114
amateur,0.0023942537909018356
attemps,0.0007980845969672786
recruiters,0.0007980845969672786
assmaniacs,0.0007980845969672786
bad,0.014365522745411013
news,0.0015961691939345571
bitches,0.0015961691939345571
bait,0.0007980845969672786
be,0.0023942537909018356
my,0.03990422984836393
bitch,0.0031923383878691143
black,0.06304868316041501
cocks,0.0015961691939345571
tiny,0.0023942537909018356
teens,0.0023942537909018356
scene5,0.004788507581803671
dicks,0.0015961691939345571
in,0.03272146847565842
white,0.010375099760574621
chicks,0.0015961691939345571
bonus,0.0023942537909018356
scene1,0.010375099760574621
crack,0.008778930566640064
back,0.004788507581803671
britney,0.0015961691939345571
whitney,0.0023942537909018356
stevens,0.0007980845969672786
cockaholics,0.0007980845969672786
anonymous,0.0007980845969672786
come,0.0015961691939345571
play,0.0015961691939345571
with,0.023942537909018357
me,0.04948124501197127
cream,0.0015961691939345571
creampie,0.00558659217877095
surprise,0.0015961691939345571
cuckolded,0.0007980845969672786
on,0.07182761372705507
wedding,0.0007980845969672786
day,0.006384676775738229
drinkers,0.0007980845969672786
fantasy,0.0023942537909018356
handjobs,0.0007980845969672786
fill,0.0015961691939345571
fuck,0.0111731843575419
ghost,0.0007980845969672786
whispers,0.0007980845969672786
handjob,0.0007980845969672786
heaven,0.0007980845969672786
scene8,0.0007980845969672786
hardcore,0.0031923383878691143
whores,0.0015961691939345571
head,0.0015961691939345571
game,0.0007980845969672786
first,0.009577015163607342
lesbian,0.01596169193934557
experience,0.0007980845969672786
home,0.0015961691939345571
invasion,0.0015961691939345571
i,0.03192338387869114
like,0.00558659217877095
it,0.007980845969672785
deep,0.004788507581803671
ass,0.05027932960893855
married,0.0007980845969672786
a,0.028731045490822026
slut,0.004788507581803671
want,0.0007980845969672786
blow,0.0023942537909018356
your,0.007980845969672785
dad,0.0015961691939345571
face,0.0031923383878691143
interracial,0.03910614525139665
lust,0.0023942537909018356
ive,0.0007980845969672786
been,0.0015961691939345571
sodomized,0.0007980845969672786
jerk,0.0023942537909018356
swallow,0.0023942537909018356
scene11,0.0007980845969672786
mechanics,0.0007980845969672786
lesbians,0.0031923383878691143
love,0.0111731843575419
sex,0.006384676775738229
mommy,0.008778930566640064
man,0.0023942537909018356
makes,0.004788507581803671
monster,0.0015961691939345571
cock,0.025538707102952914
pov,0.03192338387869114
big,0.02713487629688747
stepdad,0.0007980845969672786
not,0.0007980845969672786
so,0.006384676775738229
innocent,0.0007980845969672786
semen,0.0007980845969672786
gobblers,0.0007980845969672786
send,0.0007980845969672786
down,0.0015961691939345571
sick,0.0015961691939345571
girls,0.015163607342378291
need,0.0031923383878691143
boys,0.0007980845969672786
slam,0.0007980845969672786
bam,0.0007980845969672786
stick,0.0007980845969672786
stripped,0.0015961691939345571
spread,0.0023942537909018356
stretched,0.0015961691939345571
swallowing,0.0015961691939345571
throat,0.00558659217877095
gaggers,0.0023942537909018356
scene10,0.0007980845969672786
meat,0.0015961691939345571
scene6,0.0015961691939345571
throated,0.0023942537909018356
vampiress,0.0015961691939345571
young,0.0023942537909018356
harlots,0.0007980845969672786
machine,0.0015961691939345571
fucks,0.009577015163607342
hard,0.009577015163607342
witch,0.0015961691939345571
retired,0.0007980845969672786
angie,0.0031923383878691143
summers,0.0015961691939345571
cumblast,0.0007980845969672786
city,0.0007980845969672786
mature,0.00558659217877095
woman,0.0007980845969672786
jerking,0.0007980845969672786
dick,0.0039904229848363925
ashlynn,0.0007980845969672786
sixxx,0.0007980845969672786
ghetto,0.0039904229848363925
ghettogaggers,0.0015961691939345571
episode,0.0015961691939345571
selvaggia,0.0007980845969672786
girl,0.011971268954509178
massage,0.0015961691939345571
cadence,0.0023942537909018356
lux,0.0023942537909018356
lena,0.0039904229848363925
paul,0.0039904229848363925
whats,0.0007980845969672786
she,0.004788507581803671
got,0.0015961691939345571
that,0.008778930566640064
dont,0.0007980845969672786
atk,0.019952114924181964
exotics,0.008778930566640064
tori,0.0015961691939345571
montana,0.0007980845969672786
masturbation,0.009577015163607342
roxane,0.0015961691939345571
lee,0.0031923383878691143
toys,0.006384676775738229
saya,0.0015961691939345571
song,0.0015961691939345571
jeni,0.0015961691939345571
angel,0.011971268954509178
scarlit,0.0007980845969672786
scandal,0.0007980845969672786
galleria,0.0023942537909018356
arietta,0.008778930566640064
adams,0.0111731843575419
hairy,0.009577015163607342
artemisia,0.0007980845969672786
mercy,0.007980845969672785
west,0.01596169193934557
ktr,0.04229848363926576
athame,0.0015961691939345571
le,0.0023942537909018356
fey,0.0015961691939345571
alexandra,0.0007980845969672786
wu,0.0007980845969672786
lulu,0.0015961691939345571
sparkle,0.0015961691939345571
nina,0.0039904229848363925
dreamer,0.0007980845969672786
casey,0.0031923383878691143
diamond,0.0023942537909018356
dancer,0.0007980845969672786
2160p,0.0039904229848363925
ivory,0.0023942537909018356
mae,0.004788507581803671
perfect,0.0023942537909018356
fit,0.0007980845969672786
pippy,0.0007980845969672786
billie,0.0015961691939345571
flora,0.0007980845969672786
leila,0.0007980845969672786
posthaste,0.0007980845969672786
blake,0.0031923383878691143
wilde,0.0039904229848363925
kit,0.0015961691939345571
bauer,0.0007980845969672786
rapture,0.0007980845969672786
shine,0.0015961691939345571
flow,0.0007980845969672786
luci,0.0007980845969672786
q,0.0007980845969672786
marina,0.0007980845969672786
spy,0.0007980845969672786
squad,0.0007980845969672786
part,0.04549082202713488
porn,0.035913806863527534
mega,0.027932960893854747
load,0.026336791699920193
briana,0.0007980845969672786
toy,0.008778930566640064
time,0.006384676775738229
titillation,0.0007980845969672786
emerald,0.0007980845969672786
oiled,0.0015961691939345571
showered,0.0007980845969672786
yanks,0.006384676775738229
wests,0.0007980845969672786
hitachi,0.0031923383878691143
action,0.0007980845969672786
kiarra,0.0015961691939345571
kai,0.0023942537909018356
julia,0.0031923383878691143
bloom,0.0023942537909018356
katy,0.007980845969672785
kiss,0.007980845969672785
girlfriends,0.0007980845969672786
mi,0.0007980845969672786
ha,0.0031923383878691143
doan,0.0007980845969672786
daddy,0.0031923383878691143
harmony,0.0007980845969672786
wonder,0.0023942537909018356
wants,0.0015961691939345571
you,0.015163607342378291
off,0.004788507581803671
bbc,0.017557861133280128
inch,0.0015961691939345571
tight,0.0039904229848363925
asshole,0.0031923383878691143
bcm,0.00558659217877095
after,0.0039904229848363925
at,0.0023942537909018356
work,0.0023942537909018356
needs,0.0015961691939345571
juliette,0.0015961691939345571
march,0.0015961691939345571
trespassing,0.0007980845969672786
fucking,0.025538707102952914
little,0.004788507581803671
pussy,0.0111731843575419
bo,0.0007980845969672786
will,0.0007980845969672786
give,0.0007980845969672786
bella,0.007980845969672785
blue,0.0039904229848363925
bbw,0.006384676775738229
schoolgirl,0.0031923383878691143
spanks,0.0015961691939345571
pornhubcom,0.01596169193934557
kittykay86,0.0007980845969672786
nerdy,0.0023942537909018356
huge,0.006384676775738229
cam,0.0023942537909018356
model,0.0023942537909018356
bettie,0.00558659217877095
bondage,0.008778930566640064
2000k,0.0031923383878691143
136981812,0.0007980845969672786
170837381,0.0007980845969672786
178574641,0.0007980845969672786
187178992,0.0007980845969672786
addiction,0.0023942537909018356
cd1,0.0007980845969672786
cd2,0.0007980845969672786
cd3,0.0007980845969672786
butts,0.0031923383878691143
best,0.0039904229848363925
friend,0.004788507581803671
wet,0.007980845969672785
abella,0.007980845969672785
danger,0.007980845969672785
poolside,0.0007980845969672786
booty,0.00558659217877095
attack,0.0007980845969672786
dominating,0.0007980845969672786
music,0.0007980845969672786
co,0.0007980845969672786
blacked,0.0039904229848363925
kennedy,0.0023942537909018356
kressler,0.0007980845969672786
for,0.030327214684756583
wife,0.007980845969672785
dani,0.0007980845969672786
jensen,0.0007980845969672786
horny,0.0015961691939345571
danis,0.0007980845969672786
call,0.0007980845969672786
gianna,0.0015961691939345571
dior,0.00558659217877095
giannas,0.0007980845969672786
client,0.0007980845969672786
benfits,0.0007980845969672786
emma,0.0023942537909018356
hix,0.0015961691939345571
one,0.0007980845969672786
more,0.0039904229848363925
week,0.0007980845969672786
kendrick,0.0031923383878691143
mayas,0.0015961691939345571
workout,0.0007980845969672786
pleasure,0.0031923383878691143
richelle,0.0007980845969672786
ryan,0.004788507581803671
cheating,0.0015961691939345571
richelles,0.0007980845969672786
chocolate,0.0007980845969672786
pay,0.0039904229848363925
e04,0.0015961691939345571
bobbi,0.0039904229848363925
dylan,0.0023942537909018356
but,0.0015961691939345571
im,0.0007980845969672786
xvi,0.012769353551476457
pt,0.012769353551476457
e20,0.0007980845969672786
ariel,0.014365522745411013
inches,0.0007980845969672786
of,0.05506783719074222
power,0.0007980845969672786
e21,0.0007980845969672786
della,0.0007980845969672786
dane,0.0007980845969672786
prove,0.0007980845969672786
e29,0.0007980845969672786
history,0.0007980845969672786
taught,0.0007980845969672786
correctly,0.0007980845969672786
e33,0.0007980845969672786
why,0.0007980845969672786
cryin,0.0007980845969672786
blacks,0.055865921787709494
blondes,0.053471667996807665
sarah,0.0015961691939345571
jessie,0.0007980845969672786
720p,0.09177972865123703
hsu,0.0007980845969672786
bunny,0.0007980845969672786
colby,0.0007980845969672786
dou,0.04309656823623304
uhq,0.04309656823623304
u4all,0.04309656823623304
43,0.0031923383878691143
44,0.0031923383878691143
45,0.0031923383878691143
46,0.0023942537909018356
47,0.0015961691939345571
48,0.0015961691939345571
49,0.0015961691939345571
50,0.0015961691939345571
51,0.0007980845969672786
52,0.0007980845969672786
53,0.0007980845969672786
54,0.0007980845969672786
55,0.0007980845969672786
brazzers,0.0007980845969672786
exxtra,0.0007980845969672786
desert,0.0007980845969672786
desires,0.0023942537909018356
brotha,0.008778930566640064
lovers,0.008778930566640064
jenna,0.00558659217877095
marie,0.0031923383878691143
kate,0.0023942537909018356
england,0.0007980845969672786
bunnie,0.0023942537909018356
s,0.006384676775738229
dripping,0.0007980845969672786
relief,0.0015961691939345571
teen,0.007980845969672785
squirting,0.0023942537909018356
hote,0.0007980845969672786
busty,0.0031923383878691143
tina,0.0007980845969672786
68837,0.0007980845969672786
hq,0.0015961691939345571
albino,0.0007980845969672786
ice,0.0015961691939345571
sucks,0.0031923383878691143
andee,0.0007980845969672786
southern,0.0007980845969672786
charms,0.0007980845969672786
xhamster,0.0007980845969672786
bodybuilder,0.0007980845969672786
gets,0.007980845969672785
dominated,0.0007980845969672786
wrestler,0.0015961691939345571
made,0.0023942537909018356
bin,0.0015961691939345571
british,0.0007980845969672786
granny,0.008778930566640064
plays,0.0015961691939345571
talks,0.0007980845969672786
dirty,0.00558659217877095
candy,0.0007980845969672786
skullz,0.0007980845969672786
deepthroat,0.0015961691939345571
training,0.0015961691939345571
until,0.0007980845969672786
pukes,0.0007980845969672786
vide,0.0015961691939345571
cute,0.0015961691939345571
skinny,0.0031923383878691143
brunette,0.0007980845969672786
david,0.0007980845969672786
goliath,0.0007980845969672786
deb,0.0007980845969672786
deepthroating,0.0007980845969672786
dragon,0.007182761372705506
chance,0.0007980845969672786
unflared,0.0007980845969672786
blowjob,0.0015961691939345571
gagging,0.0031923383878691143
domme,0.0007980845969672786
maid,0.0015961691939345571
dildo,0.007980845969672785
mirror,0.0015961691939345571
job,0.0015961691939345571
morning,0.0015961691939345571
wood,0.0007980845969672786
grannies,0.0007980845969672786
geraldine,0.0007980845969672786
71,0.0007980845969672786
bethany,0.0007980845969672786
59,0.0007980845969672786
wrecked,0.0015961691939345571
cuntcams,0.0015961691939345571
net,0.0015961691939345571
has,0.0023942537909018356
throatfucked,0.0007980845969672786
into,0.0007980845969672786
submission,0.0007980845969672786
grannys,0.0007980845969672786
hillary,0.0007980845969672786
horse,0.0023942537909018356
covered,0.0007980845969672786
vid,0.0007980845969672786
rides,0.0007980845969672786
inseminated,0.0015961691939345571
son,0.0039904229848363925
jill,0.0023942537909018356
jilly,0.0007980845969672786
kinky,0.0031923383878691143
blonde,0.0023942537909018356
loves,0.0023942537909018356
stretching,0.0015961691939345571
presley,0.0023942537909018356
st,0.0023942537909018356
claire,0.0015961691939345571
rome,0.0007980845969672786
major,0.0023942537909018356
freak,0.0007980845969672786
talking,0.0015961691939345571
ssbbw,0.0015961691939345571
doggystyle,0.0015961691939345571
afton,0.0023942537909018356
clevage,0.0007980845969672786
make,0.0023942537909018356
hubby,0.0007980845969672786
their,0.0007980845969672786
sexy,0.0015961691939345571
muscular,0.0007980845969672786
dyke,0.0015961691939345571
submissive,0.0015961691939345571
chick,0.0007980845969672786
strap,0.0023942537909018356
during,0.0007980845969672786
wo,0.0007980845969672786
oral,0.0007980845969672786
002,0.0007980845969672786
pass,0.03671189146049481
buck,0.0007980845969672786
petite,0.0015961691939345571
emo,0.0007980845969672786
catholic,0.0007980845969672786
church,0.0007980845969672786
pornlandvideos,0.0007980845969672786
orgasm,0.007182761372705506
talk,0.0015961691939345571
redhead,0.004788507581803671
puzzy,0.0007980845969672786
bandit,0.0007980845969672786
79,0.0007980845969672786
gang,0.0023942537909018356
bang,0.0023942537909018356
clair,0.0007980845969672786
racist,0.0007980845969672786
cums,0.0023942537909018356
riding,0.004788507581803671
v,0.0015961691939345571
sally,0.0007980845969672786
angelo,0.0007980845969672786
golden,0.0007980845969672786
bi,0.0007980845969672786
gags,0.0007980845969672786
when,0.0015961691939345571
disabled,0.0007980845969672786
lusting,0.0007980845969672786
slutwife,0.0007980845969672786
massive,0.0015961691939345571
facial,0.0007980845969672786
spanking,0.0007980845969672786
ff,0.0007980845969672786
submissiveplz,0.0007980845969672786
sue,0.0007980845969672786
trinity,0.004788507581803671
post,0.0039904229848363925
from,0.0039904229848363925
wreckage,0.0007980845969672786
two,0.0031923383878691143
butches,0.0007980845969672786
having,0.0007980845969672786
upskirt,0.0007980845969672786
school,0.0015961691939345571
teacher,0.0015961691939345571
clit,0.0015961691939345571
village,0.0023942537909018356
ladies,0.0023942537909018356
full,0.0031923383878691143
version,0.0015961691939345571
vintage,0.0007980845969672786
stripping,0.0015961691939345571
three,0.0007980845969672786
vi,0.0007980845969672786
welcome,0.0007980845969672786
what,0.0023942537909018356
is,0.007980845969672785
name,0.0007980845969672786
butch,0.0007980845969672786
stud,0.0015961691939345571
fucked,0.0031923383878691143
store,0.0007980845969672786
zoe,0.0007980845969672786
zane,0.0007980845969672786
whore,0.0015961691939345571
candice,0.0007980845969672786
cox,0.0015961691939345571
cocksuckers,0.0007980845969672786
cumswap,0.0007980845969672786
pop,0.0007980845969672786
brandon,0.0007980845969672786
ironcom,0.0007980845969672786
can,0.0039904229848363925
afternoon,0.0007980845969672786
curvy,0.0023942537909018356
sharon,0.0023942537909018356
2468435,0.0007980845969672786
320p,0.0015961691939345571
77641241,0.0007980845969672786
aunty,0.0007980845969672786
making,0.0015961691939345571
his,0.0007980845969672786
darling,0.0039904229848363925
vs,0.0031923383878691143
yana,0.0007980845969672786
strapon,0.0015961691939345571
daughter,0.008778930566640064
dew,0.0007980845969672786
42faa3a1e196560ae3bea8b1e7477a66,0.0007980845969672786
480,0.0023942537909018356
360,0.0007980845969672786
559,0.0007980845969672786
h264,0.0023942537909018356
dear,0.0007980845969672786
departed,0.0007980845969672786
solo,0.0039904229848363925
sirens,0.0015961691939345571
lyla,0.014365522745411013
storm,0.013567438148443736
lydia,0.004788507581803671
destinee,0.0015961691939345571
jackson,0.0015961691939345571
deviant,0.0007980845969672786
e75,0.0007980845969672786
skin,0.0007980845969672786
dia,0.009577015163607342
zerva,0.009577015163607342
vin,0.0007980845969672786
lilly,0.0031923383878691143
very,0.008778930566640064
x,0.02314445331205108
lily,0.004788507581803671
must,0.0007980845969672786
see,0.07741420590582601
alia,0.0007980845969672786
janine,0.0007980845969672786
watchingmymomgoblack,0.0007980845969672786
allie,0.0023942537909018356
james,0.0007980845969672786
erica,0.0023942537909018356
lauren,0.0039904229848363925
discovers,0.0007980845969672786
redtube,0.0031923383878691143
free,0.014365522745411013
tits,0.00558659217877095
asa,0.0007980845969672786
akira,0.0007980845969672786
jules,0.0015961691939345571
jordan,0.0015961691939345571
2011,0.0007980845969672786
delights,0.0007980845969672786
w,0.0007980845969672786
tia,0.0015961691939345571
ling,0.0015961691939345571
destiny,0.0007980845969672786
pornfuscated,0.015163607342378291
sophia,0.0023942537909018356
painting,0.0007980845969672786
sophias,0.0007980845969672786
samantha,0.0015961691939345571
hayes,0.0007980845969672786
doing,0.0023942537909018356
some,0.0007980845969672786
yoga,0.0007980845969672786
audrey,0.0015961691939345571
royal,0.0007980845969672786
massaging,0.0007980845969672786
mouth,0.0015961691939345571
nelly,0.0007980845969672786
kent,0.0007980845969672786
dreams,0.0007980845969672786
nikki,0.006384676775738229
delano,0.0015961691939345571
straight,0.0007980845969672786
fire,0.0007980845969672786
hammock,0.0007980845969672786
kimberly,0.0007980845969672786
brix,0.0007980845969672786
kenzie,0.0023942537909018356
reeves,0.0015961691939345571
karma,0.0007980845969672786
rx,0.0007980845969672786
krissy,0.0007980845969672786
lynn,0.07501995211492418
pleasures,0.0007980845969672786
blacksonblondes,0.00558659217877095
lara,0.0007980845969672786
brookes,0.0007980845969672786
piper,0.007980845969672785
perri,0.007980845969672785
giselle,0.0007980845969672786
palmer,0.0007980845969672786
riley,0.0023942537909018356
reid,0.0007980845969672786
melissa,0.004788507581803671
moore,0.0023942537909018356
chloe,0.0039904229848363925
scott,0.0007980845969672786
quinn,0.0007980845969672786
addison,0.0015961691939345571
melody,0.004788507581803671
parker,0.0031923383878691143
river,0.006384676775738229
fox,0.0031923383878691143
lexi,0.013567438148443736
lore,0.0023942537909018356
jane,0.0015961691939345571
april,0.0007980845969672786
aniston,0.0007980845969672786
valentina,0.0015961691939345571
nappi,0.0007980845969672786
chanell,0.0007980845969672786
heart,0.0015961691939345571
alex,0.0023942537909018356
cougars,0.0023942537909018356
dee,0.007182761372705506
siren,0.0039904229848363925
india,0.0031923383878691143
summer,0.006384676775738229
brothalovers,0.0007980845969672786
abbey,0.0015961691939345571
rain,0.0015961691939345571
harper,0.0015961691939345571
kagney,0.0007980845969672786
linn,0.0007980845969672786
karter,0.0007980845969672786
anastasia,0.0015961691939345571
knight,0.0015961691939345571
chaos,0.0007980845969672786
valerie,0.0007980845969672786
pregnancy,0.0007980845969672786
leone,0.0007980845969672786
emily,0.0023942537909018356
austin,0.0023942537909018356
bwb,0.0007980845969672786
putting,0.0007980845969672786
cum4k,0.0007980845969672786
natalia,0.0023942537909018356
nix,0.0007980845969672786
jizz,0.0007980845969672786
filled,0.0007980845969672786
do,0.0031923383878691143
everything,0.020750199521149242
daughters,0.0007980845969672786
graduation,0.0007980845969672786
milf,0.00558659217877095
dogfart,0.0007980845969672786
glory,0.014365522745411013
hole,0.014365522745411013
danielle,0.0015961691939345571
derek,0.0007980845969672786
daisy,0.00558659217877095
stone,0.0007980845969672786
syren,0.0039904229848363925
de,0.00558659217877095
mer,0.0039904229848363925
adria,0.0007980845969672786
rae,0.004788507581803671
elle,0.0031923383878691143
voneva,0.0015961691939345571
natasha,0.0007980845969672786
nice,0.0023942537909018356
sara,0.0031923383878691143
jay,0.0031923383878691143
queen,0.0015961691939345571
gloryhole,0.0007980845969672786
sierra,0.0007980845969672786
nicole,0.0007980845969672786
hussie,0.0007980845969672786
jackie,0.0007980845969672786
ohh,0.0007980845969672786
amateurs,0.006384676775738229
aria,0.0007980845969672786
khaide,0.0007980845969672786
lalola,0.0007980845969672786
klits,0.0007980845969672786
jennas,0.0007980845969672786
butt,0.02314445331205108
adventure,0.0007980845969672786
vicki,0.0007980845969672786
verona,0.0007980845969672786
veda,0.0007980845969672786
blowbang,0.0007980845969672786
interracialpass,0.0015961691939345571
katrina,0.0007980845969672786
discount,0.0007980845969672786
sausage,0.0007980845969672786
year,0.0015961691939345571
old,0.0007980845969672786
carmela,0.0007980845969672786
takes,0.0023942537909018356
asian,0.007980845969672785
beaver,0.0007980845969672786
an,0.0031923383878691143
abominable,0.0007980845969672786
beating,0.0015961691939345571
marsha,0.0007980845969672786
goes,0.0007980845969672786
mia,0.0031923383878691143
likes,0.0015961691939345571
foot,0.0007980845969672786
long,0.0023942537909018356
blackzilla,0.0015961691939345571
does,0.0023942537909018356
number,0.0007980845969672786
hottie,0.0007980845969672786
luscious,0.0007980845969672786
tames,0.0007980845969672786
isabella,0.0023942537909018356
pumped,0.0007980845969672786
izzy,0.0023942537909018356
bell,0.0023942537909018356
jamie,0.0007980845969672786
hollie,0.0007980845969672786
mika,0.0007980845969672786
tan,0.0007980845969672786
mason,0.0007980845969672786
rharri,0.0015961691939345571
rhound,0.0015961691939345571
chelsea,0.0007980845969672786
vienna,0.0007980845969672786
rose,0.004788507581803671
victoria,0.0039904229848363925
kara,0.0039904229848363925
brooke,0.0007980845969672786
banner,0.0007980845969672786
franky,0.0007980845969672786
vargas,0.0007980845969672786
eva,0.0007980845969672786
angelina,0.0007980845969672786
michelle,0.0007980845969672786
mclaren,0.0007980845969672786
raven,0.0039904229848363925
holly,0.0007980845969672786
moon,0.0007980845969672786
interracialpickups,0.0007980845969672786
hannah,0.0007980845969672786
hays,0.0007980845969672786
pickups,0.0039904229848363925
ford,0.0007980845969672786
right,0.0007980845969672786
e1528,0.0007980845969672786
lexa,0.0007980845969672786
e1529,0.0007980845969672786
jayde,0.0007980845969672786
symz,0.0007980845969672786
e1532,0.0007980845969672786
cindy,0.0031923383878691143
starfall,0.0007980845969672786
ip,0.0031923383878691143
nadia,0.0031923383878691143
ali,0.0023942537909018356
anna,0.0023942537909018356
ville,0.0015961691939345571
rowe,0.0007980845969672786
pornstar,0.0015961691939345571
platinum,0.0015961691939345571
charlotte,0.0023942537909018356
sartre,0.0023942537909018356
puba,0.0007980845969672786
pure,0.0007980845969672786
mercer,0.0007980845969672786
ruth,0.0111731843575419
blackwell,0.010375099760574621
doesnt,0.0007980845969672786
guys,0.0007980845969672786
901,0.0007980845969672786
tube8,0.0007980845969672786
watching,0.011971268954509178
go,0.012769353551476457
may,0.0007980845969672786
tiff,0.0007980845969672786
bannister,0.0007980845969672786
ballerini,0.0007980845969672786
brandi,0.0023942537909018356
cammille,0.0015961691939345571
aaliyah,0.0031923383878691143
mom,0.10694333599361533
williams,0.0031923383878691143
london,0.006384676775738229
jasmine,0.0015961691939345571
jae,0.0007980845969672786
joseline,0.0007980845969672786
kelly,0.0007980845969672786
watch,0.0031923383878691143
wmmgb,0.004788507581803671
sammy,0.0023942537909018356
brooks,0.0023942537909018356
sheila,0.0007980845969672786
alana,0.0007980845969672786
rains,0.0007980845969672786
simone,0.0015961691939345571
sonay,0.0015961691939345571
miley,0.0007980845969672786
taylor,0.0015961691939345571
sofie,0.0007980845969672786
carter,0.0007980845969672786
desi,0.0007980845969672786
dalton,0.0007980845969672786
alura,0.0015961691939345571
jenson,0.0015961691939345571
electro,0.0015961691939345571
sluts,0.0015961691939345571
rossi,0.0039904229848363925
dana,0.0039904229848363925
dearmond,0.0031923383878691143
isis,0.0007980845969672786
cameron,0.0007980845969672786
canada,0.0007980845969672786
mandy,0.0015961691939345571
muse,0.0007980845969672786
allwood,0.0007980845969672786
li,0.0007980845969672786
jenner,0.0007980845969672786
stella,0.0007980845969672786
gabriella,0.0023942537909018356
paltrova,0.0023942537909018356
riesling,0.0007980845969672786
everythingbutt,0.0015961691939345571
lea,0.004788507581803671
lexis,0.004788507581803671
foxx,0.0031923383878691143
annie,0.007980845969672785
cruz,0.009577015163607342
evil,0.00558659217877095
kianna,0.004788507581803671
boob,0.0039904229848363925
cumslut,0.0031923383878691143
class,0.0007980845969672786
bridgette,0.0007980845969672786
threesome,0.0007980845969672786
evolved,0.006384676775738229
fights,0.006384676775738229
cheyenne,0.0031923383878691143
jewel,0.0031923383878691143
exotic,0.0015961691939345571
pornstars,0.0015961691939345571
crazy,0.0007980845969672786
mas,0.0007980845969672786
morgan,0.0007980845969672786
ray,0.0007980845969672786
incredible,0.0007980845969672786
lesb,0.0007980845969672786
exotic4k,0.0015961691939345571
hadid,0.0007980845969672786
analed,0.0007980845969672786
jada,0.0007980845969672786
doll,0.0023942537909018356
fi,0.0007980845969672786
lf,0.0007980845969672786
extra,0.0015961691939345571
e142,0.0007980845969672786
daddys,0.0015961691939345571
fitting,0.0007980845969672786
room,0.0007980845969672786
stockings,0.0007980845969672786
machines,0.019154030327214685
gabi,0.0007980845969672786
gold,0.0007980845969672786
brutal,0.0007980845969672786
sessions,0.0007980845969672786
brutalsessions,0.0007980845969672786
ginger,0.0007980845969672786
patch,0.0007980845969672786
asstounding,0.0007980845969672786
introduction,0.0007980845969672786
thorn,0.0007980845969672786
dodi,0.0007980845969672786
parlour,0.0007980845969672786
try,0.0007980845969672786
kira,0.0039904229848363925
noir,0.0039904229848363925
baker,0.0007980845969672786
just,0.0023942537909018356
boyfriend,0.0007980845969672786
used,0.0007980845969672786
initiations,0.0031923383878691143
foxxx,0.0023942537909018356
jezabel,0.0007980845969672786
vessir,0.0007980845969672786
lisa,0.0015961691939345571
tiffian,0.0007980845969672786
daizy,0.0007980845969672786
cooper,0.0007980845969672786
noemie,0.0015961691939345571
bilas,0.0015961691939345571
wright,0.0015961691939345571
voxxx,0.0015961691939345571
honey,0.0015961691939345571
blossom,0.0007980845969672786
atm,0.0007980845969672786
camwhore,0.0007980845969672786
limit,0.0023942537909018356
freya,0.0007980845969672786
bianco,0.0007980845969672786
sasha,0.0007980845969672786
sparrow,0.0007980845969672786
high,0.0007980845969672786
trailer,0.0015961691939345571
park,0.0007980845969672786
things,0.0007980845969672786
dream,0.0007980845969672786
babe,0.0007980845969672786
z,0.0007980845969672786
ronja,0.0007980845969672786
seduces,0.0007980845969672786
house,0.0007980845969672786
taboo,0.0007980845969672786
wicky,0.0007980845969672786
frida,0.0007980845969672786
sante,0.0007980845969672786
punishes,0.0007980845969672786
hunter,0.0031923383878691143
czech,0.0015961691939345571
lamour,0.0007980845969672786
hush,0.0023942537909018356
katie,0.0039904229848363925
infernal,0.0039904229848363925
restraints,0.0039904229848363925
biuk,0.0007980845969672786
2015,0.0039904229848363925
sister,0.0031923383878691143
h,0.0015961691939345571
us,0.0031923383878691143
hh,0.0007980845969672786
ush,0.0007980845969672786
alexa,0.0023942537909018356
kendra,0.0031923383878691143
secrets,0.0007980845969672786
abigail,0.0007980845969672786
peach,0.0015961691939345571
sophie,0.0007980845969672786
rachel,0.0007980845969672786
demarco,0.0007980845969672786
crawford,0.0007980845969672786
e1533,0.0007980845969672786
e1534,0.0007980845969672786
wylde,0.0007980845969672786
e1535,0.0007980845969672786
e1541,0.0007980845969672786
banks,0.0031923383878691143
e1543,0.0007980845969672786
demi,0.0007980845969672786
lopez,0.0015961691939345571
e1548,0.0007980845969672786
3d,0.0007980845969672786
isiah,0.00558659217877095
maxwell,0.00558659217877095
anila,0.0007980845969672786
avana,0.0007980845969672786
diaries,0.0007980845969672786
catalina,0.0007980845969672786
dark,0.0007980845969672786
voluptuous,0.0007980845969672786
heat,0.0015961691939345571
gusher,0.0007980845969672786
too,0.0007980845969672786
juicy,0.0015961691939345571
present,0.0007980845969672786
treat,0.0007980845969672786
ivy,0.0031923383878691143
izamar,0.0031923383878691143
gutierrez,0.0031923383878691143
jenova,0.0015961691939345571
kitty,0.0031923383878691143
4679952,0.0007980845969672786
jenovakitty,0.0007980845969672786
webcam,0.0023942537909018356
karups,0.0023942537909018356
queef,0.0007980845969672786
operation,0.0007980845969672786
squirt,0.0039904229848363925
infernalrestraints,0.0007980845969672786
kush,0.0007980845969672786
extreme,0.0007980845969672786
lingerie,0.0015961691939345571
worship,0.0007980845969672786
dvd,0.0007980845969672786
rip,0.0015961691939345571
cherry,0.006384676775738229
torn,0.0039904229848363925
lindsey,0.0031923383878691143
whipped,0.03750997605746209
whippedass,0.0031923383878691143
aiden,0.004788507581803671
starr,0.006384676775738229
rayne,0.004788507581803671
kristina,0.0007980845969672786
zoey,0.0007980845969672786
portland,0.0007980845969672786
savannah,0.0023942537909018356
penny,0.011971268954509178
barber,0.007182761372705506
norah,0.0007980845969672786
nova,0.0031923383878691143
lebelle,0.0015961691939345571
maddy,0.0007980845969672786
oreilly,0.0007980845969672786
calvert,0.0015961691939345571
sativa,0.0007980845969672786
pax,0.0039904229848363925
skylar,0.0023942537909018356
snow,0.0023942537909018356
velvet,0.0007980845969672786
gloves,0.0007980845969672786
fisting,0.0007980845969672786
compilation,0.0007980845969672786
kelli,0.004788507581803671
provocateur,0.004788507581803671
jenevieve,0.0007980845969672786
hexxx,0.0007980845969672786
johnny,0.0031923383878691143
starlight,0.0031923383878691143
ducati,0.004788507581803671
julie,0.0007980845969672786
rocket,0.0007980845969672786
danni,0.0007980845969672786
rivers,0.0007980845969672786
kenzi,0.0007980845969672786
ryans,0.0007980845969672786
lit,0.0007980845969672786
avi,0.0023942537909018356
rocky,0.0015961691939345571
emerson,0.0015961691939345571
serena,0.0023942537909018356
blair,0.0023942537909018356
arielle,0.0015961691939345571
aquinas,0.0007980845969672786
phillips,0.0015961691939345571
cherie,0.0007980845969672786
deville,0.0007980845969672786
labeau,0.0007980845969672786
katya,0.0007980845969672786
rodriguez,0.0015961691939345571
scarlett,0.0015961691939345571
fum,0.0007980845969672786
cici,0.0007980845969672786
rhodes,0.0007980845969672786
lotus,0.0015961691939345571
lain,0.0015961691939345571
halle,0.0007980845969672786
von,0.0007980845969672786
gone,0.0015961691939345571
pink,0.0015961691939345571
madison,0.0015961691939345571
nile,0.0007980845969672786
scarlet,0.0007980845969672786
hog,0.0023942537909018356
tied,0.0023942537909018356
lane,0.0023942537909018356
infr,0.0007980845969672786
kissed,0.0007980845969672786
whip,0.0007980845969672786
nogroup,0.0007980845969672786
rayveness,0.0007980845969672786
please,0.0007980845969672786
gape,0.0007980845969672786
bijou,0.0015961691939345571
spade,0.0023942537909018356
miranda,0.0007980845969672786
miller,0.0007980845969672786
naughty,0.00558659217877095
schoolgirls,0.0007980845969672786
sinn,0.0015961691939345571
sage,0.0015961691939345571
jessica,0.0007980845969672786
rex,0.0015961691939345571
domination,0.0007980845969672786
cecilia,0.0007980845969672786
lion,0.0007980845969672786
cecilias,0.0007980845969672786
abuse,0.0007980845969672786
naomi,0.0007980845969672786
aris,0.0007980845969672786
lap,0.0007980845969672786
paintoy,0.0007980845969672786
merciless,0.0007980845969672786
pain,0.0007980845969672786
public,0.0015961691939345571
disgrace,0.0007980845969672786
mz,0.0007980845969672786
berlin,0.0007980845969672786
candela,0.0007980845969672786
red,0.0007980845969672786
struggling,0.0015961691939345571
belts,0.0007980845969672786
keely,0.0031923383878691143
amp,0.0023942537909018356
seb,0.0015961691939345571
upper,0.0023942537909018356
floor,0.0023942537909018356
tuf,0.0007980845969672786
ultimate,0.024740622505985636
surrender,0.024740622505985636
2013,0.0023942537909018356
hollander,0.0007980845969672786
wenona,0.0007980845969672786
2014,0.0039904229848363925
jayogen,0.0007980845969672786
mona,0.007182761372705506
wales,0.007182761372705506
yasmine,0.0007980845969672786
loven,0.0007980845969672786
jayjogen,0.0007980845969672786
aimes,0.0007980845969672786
rilynn,0.0007980845969672786
rockette,0.0007980845969672786
syd,0.0015961691939345571
blakovich,0.0015961691939345571
mistress,0.0031923383878691143
ultimatesurrender,0.0023942537909018356
lives,0.0007980845969672786
serene,0.0023942537909018356
mimosa,0.0007980845969672786
esperanza,0.0007980845969672786
del,0.0007980845969672786
horno,0.0007980845969672786
brooklyn,0.0007980845969672786
francesca,0.0007980845969672786
felony,0.0007980845969672786
gia,0.0015961691939345571
dimarco,0.0007980845969672786
nixon,0.0007980845969672786
helena,0.0039904229848363925
locke,0.0039904229848363925
chanel,0.00558659217877095
preston,0.004788507581803671
kimber,0.0031923383878691143
woods,0.0023942537909018356
delirious,0.0015961691939345571
ann,0.0023942537909018356
pepper,0.0007980845969672786
kacie,0.0023942537909018356
castle,0.0023942537909018356
violet,0.0023942537909018356
monroe,0.0015961691939345571
ella,0.0015961691939345571
christy,0.0007980845969672786
2017,0.01675977653631285
leya,0.0007980845969672786
falcon,0.0007980845969672786
missy,0.0007980845969672786
martinez,0.0007980845969672786
2018,0.018355945730247406
0000,0.0023942537909018356
00,0.004788507581803671
flower,0.0007980845969672786
tucci,0.0007980845969672786
2016,0.0007980845969672786
dahlia,0.0007980845969672786
sky,0.0007980845969672786
carissa,0.0007980845969672786
montgomery,0.0007980845969672786
penelope,0.0007980845969672786
reed,0.0007980845969672786
hearts,0.0007980845969672786
olive,0.0007980845969672786
glass,0.0007980845969672786
nadya,0.0007980845969672786
nabakova,0.0007980845969672786
miss,0.0023942537909018356
robin,0.0007980845969672786
dresden,0.0007980845969672786
kink,0.0015961691939345571
university,0.0007980845969672786
spa,0.0007980845969672786
e37,0.0007980845969672786
kk,0.0007980845969672786
family,0.0007980845969672786
fingering,0.0007980845969672786
multiple,0.0007980845969672786
orgasms,0.0031923383878691143
models,0.0007980845969672786
thing,0.0007980845969672786
wrestling,0.0007980845969672786
muscle,0.0007980845969672786
babes,0.0007980845969672786
getting,0.0007980845969672786
if,0.0007980845969672786
they,0.0015961691939345571
alina,0.0007980845969672786
willis,0.0007980845969672786
114922421,0.0007980845969672786
25804791,0.0007980845969672786
ultra,0.0015961691939345571
32480,0.0007980845969672786
vl,0.0007980845969672786
2851951,0.0007980845969672786
2547282,0.0007980845969672786
115614571,0.0007980845969672786
sharing,0.0007980845969672786
enormous,0.0007980845969672786
lisey,0.007980845969672785
messy,0.0007980845969672786
joi,0.0015961691939345571
tries,0.0007980845969672786
brings,0.0007980845969672786
stretches,0.0007980845969672786
lovingly,0.041500399042298484
handmade,0.041500399042298484
pornography,0.041500399042298484
117,0.0007980845969672786
degrees,0.0007980845969672786
terrifying,0.0007980845969672786
sound,0.0015961691939345571
sting,0.0007980845969672786
almost,0.0015961691939345571
care,0.0007980845969672786
are,0.0023942537909018356
aiming,0.0007980845969672786
autumn,0.0015961691939345571
abused,0.0007980845969672786
autumns,0.0007980845969672786
peehole,0.0007980845969672786
body,0.0015961691939345571
harness,0.0007980845969672786
doom,0.0007980845969672786
cinching,0.0007980845969672786
convenient,0.0007980845969672786
bracing,0.0007980845969672786
doomed,0.0007980845969672786
really,0.0031923383878691143
drippingly,0.0007980845969672786
embarrassed,0.0007980845969672786
earning,0.0007980845969672786
mallet,0.0007980845969672786
extended,0.0007980845969672786
filthy,0.0007980845969672786
redheaded,0.0007980845969672786
many,0.03990422984836393
benefit,0.0007980845969672786
hitting,0.0015961691939345571
horrible,0.0015961691939345571
person,0.0015961691939345571
liking,0.0007980845969672786
horsehair,0.0007980845969672786
fun,0.0023942537909018356
chain,0.0007980845969672786
wide,0.0007980845969672786
open,0.0007980845969672786
how,0.0023942537909018356
feel,0.0031923383878691143
inescapable,0.0007980845969672786
punch,0.0007980845969672786
own,0.0007980845969672786
breasts,0.0015961691939345571
silly,0.0007980845969672786
this,0.0023942537909018356
ow,0.0007980845969672786
missed,0.0007980845969672786
spot,0.0007980845969672786
scary,0.0015961691939345571
chair,0.0007980845969672786
introducing,0.0007980845969672786
wand,0.0015961691939345571
its,0.0015961691939345571
re,0.0015961691939345571
mean,0.0007980845969672786
or,0.0007980845969672786
something,0.0007980845969672786
wanna,0.0007980845969672786
hurt,0.0007980845969672786
ve,0.0007980845969672786
wanted,0.0007980845969672786
kegel,0.0007980845969672786
hulk,0.0007980845969672786
jenny,0.0007980845969672786
mace,0.0007980845969672786
maximum,0.0007980845969672786
internal,0.0007980845969672786
no,0.0015961691939345571
fair,0.0007980845969672786
insides,0.0015961691939345571
steel,0.0007980845969672786
padding,0.0007980845969672786
pounding,0.0015961691939345571
there,0.0007980845969672786
far,0.0007980845969672786
squeezy,0.0007980845969672786
much,0.0039904229848363925
better,0.0039904229848363925
than,0.0007980845969672786
crop,0.0007980845969672786
soothing,0.0007980845969672786
taking,0.0015961691939345571
turns,0.0007980845969672786
feels,0.0007980845969672786
painful,0.0007980845969672786
weird,0.0007980845969672786
was,0.0031923383878691143
thats,0.0007980845969672786
favorite,0.0015961691939345571
least,0.0007980845969672786
problem,0.0007980845969672786
keep,0.0007980845969672786
shut,0.0007980845969672786
trying,0.0015961691939345571
bruises,0.0007980845969672786
scream,0.0007980845969672786
hitches,0.0007980845969672786
who,0.0007980845969672786
would,0.0007980845969672786
electrify,0.0007980845969672786
cane,0.0007980845969672786
tears,0.0007980845969672786
splashed,0.0007980845969672786
hit,0.0007980845969672786
lubed,0.0023942537909018356
hime,0.0007980845969672786
credit,0.0007980845969672786
janice,0.0007980845969672786
griffith,0.0007980845969672786
completely,0.0007980845969672786
drenched,0.0007980845969672786
submissivex,0.0007980845969672786
ma,0.0031923383878691143
nympho,0.0031923383878691143
volume,0.0031923383878691143
hfr,0.0031923383878691143
hd,0.008778930566640064
hdl,0.0023942537909018356
1500k,0.0015961691939345571
164538931,0.0007980845969672786
161487272,0.0007980845969672786
adorable,0.0007980845969672786
ebony,0.0007980845969672786
fuckdoll,0.0007980845969672786
videos,0.0015961691939345571
moms,0.0015961691939345571
twerk,0.0007980845969672786
lesson,0.0015961691939345571
virtual,0.0007980845969672786
costume,0.0007980845969672786
party,0.0007980845969672786
hookup,0.0007980845969672786
cowpunk,0.0015961691939345571
worked,0.0007980845969672786
teaser,0.0007980845969672786
new,0.0039904229848363925
mocha,0.0015961691939345571
gartersex,0.006384676775738229
birthday,0.0007980845969672786
naked,0.0007980845969672786
moaning,0.0007980845969672786
watches,0.0007980845969672786
cuck,0.0007980845969672786
fuks,0.0007980845969672786
k9,0.0007980845969672786
xl,0.0015961691939345571
bernstein,0.0007980845969672786
intro,0.0007980845969672786
collection,0.0007980845969672786
show,0.0023942537909018356
keri,0.0031923383878691143
berry,0.0031923383878691143
star,0.0007980845969672786
slave,0.0015961691939345571
leia,0.0015961691939345571
funny,0.0007980845969672786
valentine,0.0007980845969672786
unicorn,0.0007980845969672786
triple,0.0007980845969672786
step,0.0039904229848363925
photograph,0.0007980845969672786
vids,0.03830806065442937
clips,0.0015961691939345571
jennica,0.07581803671189145
part1,0.07661612130885874
mothers,0.0007980845969672786
guidance,0.0015961691939345571
toying,0.0007980845969672786
princess,0.006384676775738229
bambie,0.004788507581803671
exhibitionist,0.0007980845969672786
missing,0.0007980845969672786
teaching,0.0007980845969672786
law,0.0007980845969672786
suck,0.07661612130885874
husbands,0.0007980845969672786
bahamas,0.0007980845969672786
saucy,0.0007980845969672786
schools,0.0007980845969672786
adventures,0.0007980845969672786
super,0.0007980845969672786
bustiest,0.0007980845969672786
swedish,0.0007980845969672786
world,0.0007980845969672786
mr,0.0007980845969672786
gigant,0.0007980845969672786
nurse,0.0007980845969672786
oh,0.0015961691939345571
god,0.0007980845969672786
yeah,0.0007980845969672786
baby,0.0007980845969672786
oil,0.0015961691939345571
wash,0.0007980845969672786
bouncing,0.0007980845969672786
sucking,0.0031923383878691143
quick,0.0007980845969672786
rubber,0.0007980845969672786
duckie,0.0007980845969672786
ballons,0.0007980845969672786
through,0.0007980845969672786
top,0.0007980845969672786
shaving,0.0007980845969672786
showerhead,0.0007980845969672786
soapy,0.0007980845969672786
spying,0.0007980845969672786
friends,0.0015961691939345571
roomate,0.0007980845969672786
sun,0.0007980845969672786
bikini,0.0015961691939345571
sunshine,0.0007980845969672786
teeny,0.0007980845969672786
weeny,0.0007980845969672786
bikinis,0.0007980845969672786
cups,0.0007980845969672786
growing,0.0007980845969672786
tie,0.0007980845969672786
bubbelgum,0.0007980845969672786
tops,0.0007980845969672786
tittyfuck,0.0007980845969672786
babysitter,0.0007980845969672786
boss,0.0007980845969672786
water,0.0007980845969672786
em,0.0007980845969672786
grow,0.0007980845969672786
weigh,0.0007980845969672786
measure,0.0007980845969672786
tshirt,0.0007980845969672786
color,0.0007980845969672786
eyes,0.0007980845969672786
29484,0.0007980845969672786
large,0.0007980845969672786
met,0.0015961691939345571
art,0.0023942537909018356
jia,0.0015961691939345571
lissa,0.0023942537909018356
dance,0.0007980845969672786
assignment,0.0007980845969672786
military,0.0007980845969672786
mind,0.0007980845969672786
blowing,0.0007980845969672786
eating,0.0007980845969672786
mint,0.0007980845969672786
puff,0.0007980845969672786
174586551,0.0007980845969672786
e159,0.0007980845969672786
jacky,0.0007980845969672786
e405,0.0007980845969672786
liezel,0.0007980845969672786
e408,0.0007980845969672786
tiffani,0.0007980845969672786
e409,0.0007980845969672786
syrah,0.0007980845969672786
e415,0.0007980845969672786
trysha,0.0007980845969672786
e420,0.0007980845969672786
darcy,0.0007980845969672786
e422,0.0007980845969672786
josie,0.0007980845969672786
e423,0.0007980845969672786
adina,0.0007980845969672786
e426,0.0007980845969672786
e430,0.0007980845969672786
e438,0.0007980845969672786
sandra,0.0007980845969672786
e439,0.0007980845969672786
e441,0.0007980845969672786
claudia,0.0007980845969672786
e448,0.0007980845969672786
gwen,0.0007980845969672786
e450,0.0007980845969672786
pheobe,0.0007980845969672786
e458,0.0007980845969672786
kinsley,0.0007980845969672786
e476,0.0007980845969672786
tessah,0.0007980845969672786
e482,0.0007980845969672786
alessandra,0.0007980845969672786
e483,0.0007980845969672786
e487,0.0007980845969672786
shirley,0.0007980845969672786
e488,0.0007980845969672786
ericca,0.0007980845969672786
e496,0.0007980845969672786
joy,0.0015961691939345571
e497,0.0007980845969672786
eliza,0.0007980845969672786
e498,0.0007980845969672786
louise,0.0007980845969672786
e506,0.0007980845969672786
vivica,0.0015961691939345571
e528,0.0007980845969672786
christina,0.0007980845969672786
e530,0.0007980845969672786
andi,0.0007980845969672786
e538,0.0007980845969672786
merle,0.0007980845969672786
e166,0.0007980845969672786
ashley,0.0007980845969672786
page,0.0007980845969672786
monsters,0.0007980845969672786
natalie,0.0015961691939345571
slumber,0.0007980845969672786
pump,0.0007980845969672786
mommys,0.0007980845969672786
naughtyelle,0.0007980845969672786
july,0.0007980845969672786
gives,0.0015961691939345571
ending,0.0007980845969672786
hartley,0.0007980845969672786
nubiles,0.0007980845969672786
giant,0.0015961691939345571
purple,0.0007980845969672786
passionate,0.0007980845969672786
eat,0.0007980845969672786
live,0.0007980845969672786
penthouse,0.0007980845969672786
web,0.0007980845969672786
eaten,0.0007980845969672786
playboy,0.0007980845969672786
plus,0.0007980845969672786
ahead,0.0007980845969672786
curve,0.0007980845969672786
plumper,0.0023942537909018356
dhara,0.0007980845969672786
nirvana,0.0015961691939345571
smoking,0.0007980845969672786
mylie,0.0015961691939345571
barbie,0.0015961691939345571
banx,0.0015961691939345571
league,0.0015961691939345571
seka,0.0015961691939345571
happy,0.0007980845969672786
anniversary,0.0007980845969672786
bb,0.0007980845969672786
cs,0.0007980845969672786
johnson,0.0039904229848363925
shows,0.0007980845969672786
kim,0.0015961691939345571
velez,0.0015961691939345571
braces,0.0007980845969672786
tit,0.0007980845969672786
country,0.0007980845969672786
mrs,0.0023942537909018356
haydee,0.0007980845969672786
underwear,0.0007980845969672786
wear,0.0007980845969672786
cora,0.0015961691939345571
comfort,0.0007980845969672786
addicted,0.0007980845969672786
ivanna,0.0007980845969672786
lace,0.0007980845969672786
alisa,0.0007980845969672786
puffy,0.0007980845969672786
nips,0.0007980845969672786
muff,0.0007980845969672786
smith,0.0007980845969672786
fat,0.0007980845969672786
marilyn,0.0007980845969672786
mayson,0.0007980845969672786
doubles,0.0007980845969672786
veronika,0.0007980845969672786
vixon,0.0007980845969672786
theres,0.0007980845969672786
veronikas,0.0007980845969672786
caroline,0.0007980845969672786
hamsel,0.0015961691939345571
ready,0.0007980845969672786
mastos,0.0007980845969672786
kailani,0.0007980845969672786
johnsons,0.0007980845969672786
lobov,0.0007980845969672786
victorias,0.0007980845969672786
dina,0.0007980845969672786
sahari,0.0007980845969672786
beautiful,0.0007980845969672786
thai,0.0007980845969672786
leka,0.0007980845969672786
buttplugs,0.0007980845969672786
bush,0.0007980845969672786
camilla,0.0015961691939345571
get,0.0007980845969672786
know,0.0007980845969672786
charli,0.0023942537909018356
charlis,0.0007980845969672786
shiraz,0.0007980845969672786
curly,0.0007980845969672786
haired,0.0007980845969672786
slippery,0.0007980845969672786
nipples,0.0007980845969672786
loida,0.0007980845969672786
sucker,0.0015961691939345571
carrie,0.0015961691939345571
anne,0.0007980845969672786
alone,0.0007980845969672786
163166202,0.0007980845969672786
aw,0.0007980845969672786
these,0.0007980845969672786
titles,0.0007980845969672786
explanationary,0.0007980845969672786
stuff,0.0007980845969672786
lol,0.0007980845969672786
puretaboo,0.0007980845969672786
radical,0.0111731843575419
jizzlam,0.012769353551476457
e01,0.0007980845969672786
caliph,0.0015961691939345571
wept,0.0007980845969672786
e02,0.0007980845969672786
spreads,0.0007980845969672786
e03,0.0007980845969672786
troubled,0.0007980845969672786
soul,0.0007980845969672786
converts,0.0007980845969672786
another,0.0007980845969672786
e05,0.0007980845969672786
converting,0.0007980845969672786
e06,0.0007980845969672786
desecrated,0.0007980845969672786
our,0.0007980845969672786
sacred,0.0007980845969672786
rug,0.0007980845969672786
e07,0.0007980845969672786
conversion,0.0015961691939345571
therapy,0.0007980845969672786
e08,0.0007980845969672786
fast,0.0007980845969672786
e09,0.0007980845969672786
e10,0.0007980845969672786
immaculate,0.0007980845969672786
conception,0.0007980845969672786
e11,0.0007980845969672786
bow,0.0007980845969672786
punishment,0.0007980845969672786
e12,0.0007980845969672786
spiritual,0.0007980845969672786
e13,0.0007980845969672786
accepts,0.0007980845969672786
lost,0.0007980845969672786
souls,0.0007980845969672786
0327192355,0.0015961691939345571
ero,0.040702314445331206
0513191900,0.0015961691939345571
0520192231,0.009577015163607342
0hx1pku,0.0007980845969672786
38x,0.0007980845969672786
pv,0.0007980845969672786
5m,0.0007980845969672786
dt7r5,0.0007980845969672786
8435f391,0.004788507581803671
b8ff,0.004788507581803671
4477,0.004788507581803671
b72e,0.004788507581803671
99c5f81c307b,0.004788507581803671
lydre,0.0007980845969672786
w2,0.0007980845969672786
cf60lh,0.0007980845969672786
cnta,0.0007980845969672786
qwn,0.0007980845969672786
u,0.0007980845969672786
ba3w,0.0007980845969672786
over,0.0023942537909018356
holy,0.0031923383878691143
amazing,0.0031923383878691143
fm3o,0.0007980845969672786
nv,0.0007980845969672786
herself,0.0015961691939345571
dress,0.0007980845969672786
myself,0.0015961691939345571
twice,0.0015961691939345571
kitten,0.0015961691939345571
had,0.0015961691939345571
n,0.0007980845969672786
i5n9pt,0.0007980845969672786
playing,0.0015961691939345571
p,0.0007980845969672786
tt,0.0007980845969672786
okb,0.0007980845969672786
o,0.0015961691939345571
someone,0.0023942537909018356
thinking,0.0007980845969672786
w6tp,0.0007980845969672786
dut,0.0007980845969672786
06e87035f4eb43166922c95513c2f3781408946708,0.0007980845969672786
640,0.0015961691939345571
900,0.0015961691939345571
2040222,0.0007980845969672786
480x320,0.0007980845969672786
400k,0.0007980845969672786
195142301,0.0007980845969672786
7b4c303e06994a77a2a60c2b3335375a1408248908,0.0007980845969672786
95385,0.0007980845969672786
kaci,0.0007980845969672786
remote,0.0007980845969672786
php,0.0007980845969672786
261146,0.0007980845969672786
invites,0.0007980845969672786
forces,0.0007980845969672786
join,0.0007980845969672786
severe,0.0007980845969672786
punishement,0.0007980845969672786
adel,0.0007980845969672786
morel,0.0007980845969672786
waves,0.0007980845969672786
mex,0.0007980845969672786
michaels,0.0007980845969672786
smaller,0.0007980845969672786
never,0.0007980845969672786
against,0.0007980845969672786
ageplay,0.0007980845969672786
submissived,0.0007980845969672786
lola,0.0007980845969672786
swallowed,0.0015961691939345571
marks,0.0007980845969672786
salon,0.0007980845969672786
tara,0.0007980845969672786
tainton,0.0007980845969672786
hughes,0.0015961691939345571
dancing,0.0007980845969672786
www,0.0007980845969672786
bunniehughes,0.0007980845969672786
club,0.0007980845969672786
teenikini,0.0007980845969672786
e81,0.0007980845969672786
chole,0.0007980845969672786
climaxing,0.0007980845969672786
kittens,0.0007980845969672786
macana,0.006384676775738229
raise,0.0007980845969672786
ambitious,0.0007980845969672786
handle,0.0007980845969672786
size,0.0007980845969672786
karen,0.0007980845969672786
fisher,0.0007980845969672786
pawg,0.0007980845969672786
cheat,0.0007980845969672786
timer,0.0007980845969672786
flor,0.0007980845969672786
begs,0.0007980845969672786
lexxxi,0.0007980845969672786
savage,0.0007980845969672786
college,0.0007980845969672786
aires,0.0007980845969672786
instagram,0.0007980845969672786
third,0.0015961691939345571
movies,0.0015961691939345571
nailed,0.0007980845969672786
couch,0.0007980845969672786
mansfield,0.0007980845969672786
latinas,0.0007980845969672786
skills,0.0007980845969672786
lush,0.0007980845969672786
deeper,0.0007980845969672786
true,0.0023942537909018356
sola,0.0007980845969672786
zola,0.0007980845969672786
monica,0.0007980845969672786
tweetney,0.0015961691939345571
creamy,0.0007980845969672786
gapes,0.0007980845969672786
uncensored,0.0007980845969672786
nerd,0.0007980845969672786
session,0.0007980845969672786
wank,0.0015961691939345571
now,0.0007980845969672786
charlie,0.0007980845969672786
rock,0.0007980845969672786
paper,0.0007980845969672786
scissors,0.0007980845969672786
xev,0.0007980845969672786
bellringer,0.0007980845969672786
staci,0.0007980845969672786
stacis,0.0015961691939345571
knife,0.0007980845969672786
quickly,0.0007980845969672786
often,0.0007980845969672786
estelle,0.0007980845969672786
intense,0.0007980845969672786
betty,0.0007980845969672786
bathorie,0.0007980845969672786
contractions,0.0007980845969672786
zero,0.0015961691939345571
tolerance,0.0015961691939345571
joanna,0.0015961691939345571
derza,0.0007980845969672786
poor,0.0007980845969672786
begging,0.0007980845969672786
